fk_VideoGame_itemNumber,platform
1,Nintendo
7,Xbox
9,PlayStation
11,Xbox
14,Xbox
19,Nintendo
20,Xbox
21,Nintendo
22,Xbox
28,PlayStation
32,Xbox
33,Xbox
34,PlayStation
36,PlayStation
38,Xbox
42,Xbox
45,PlayStation
49,Xbox
50,Xbox
51,Nintendo
52,PlayStation
55,PlayStation
57,Xbox
61,Nintendo
63,Xbox
65,Xbox
66,Xbox
67,PlayStation
68,Xbox
69,Nintendo
74,PlayStation
75,PlayStation
77,Xbox
80,PlayStation
81,Nintendo
86,Nintendo
88,PlayStation
90,Xbox
93,Nintendo
98,PlayStation
100,Nintendo
106,Xbox
108,Xbox
109,Nintendo
114,Xbox
115,PlayStation
116,Nintendo
118,Xbox
120,PlayStation
122,Nintendo
124,Xbox
127,Nintendo
131,PlayStation
132,Xbox
134,Xbox
141,Xbox
142,Xbox
146,Nintendo
148,PlayStation
152,PlayStation
160,PlayStation
161,Xbox
162,Xbox
168,Xbox
169,Xbox
170,PlayStation
171,Nintendo
176,PlayStation
178,Nintendo
182,Nintendo
184,PlayStation
193,Nintendo
196,Nintendo
197,Nintendo
199,PlayStation
204,Xbox
207,Xbox
208,PlayStation
209,Nintendo
211,Nintendo
212,Nintendo
213,Nintendo
214,PlayStation
217,PlayStation
223,Xbox
226,PlayStation
235,Xbox
237,Nintendo
239,PlayStation
248,PlayStation
258,Nintendo
260,PlayStation
261,Xbox
265,Xbox
270,Xbox
271,PlayStation
276,Xbox
288,PlayStation
289,PlayStation
290,Xbox
294,PlayStation
296,Nintendo
297,Nintendo
305,Nintendo
306,Xbox
311,Nintendo
312,Xbox
313,Xbox
326,Xbox
327,Nintendo
328,PlayStation
329,Nintendo
330,PlayStation
331,PlayStation
332,PlayStation
336,Xbox
338,PlayStation
340,PlayStation
342,Xbox
345,Xbox
346,Xbox
356,Xbox
357,Nintendo
361,Xbox
362,Nintendo
366,Xbox
369,Nintendo
370,PlayStation
374,PlayStation
377,Nintendo
382,Xbox
388,Xbox
390,PlayStation
392,Nintendo
393,Nintendo
394,Nintendo
395,Xbox
397,Xbox
400,Nintendo
402,Nintendo
403,Xbox
404,Xbox
408,Nintendo
419,Xbox
421,Xbox
423,PlayStation
428,PlayStation
430,Nintendo
432,Xbox
433,PlayStation
436,Xbox
438,PlayStation
439,Nintendo
442,PlayStation
444,PlayStation
449,PlayStation
458,PlayStation
459,Xbox
462,Xbox
464,Xbox
466,Xbox
467,Nintendo
479,Xbox
484,Xbox
487,Nintendo
494,Nintendo
501,Xbox
510,Nintendo
513,Xbox
518,Nintendo
520,Xbox
522,Xbox
523,PlayStation
528,Nintendo
531,Xbox
542,PlayStation
544,Xbox
545,Nintendo
550,Nintendo
551,Nintendo
558,Nintendo
563,PlayStation
565,Xbox
572,Xbox
577,Xbox
583,Xbox
584,PlayStation
586,PlayStation
592,PlayStation
597,Nintendo
598,Nintendo
602,PlayStation
603,Xbox
604,Nintendo
605,PlayStation
607,Xbox
608,Xbox
611,Xbox
614,Nintendo
615,Xbox
622,Nintendo
625,PlayStation
631,Nintendo
632,Xbox
635,Xbox
639,Nintendo
640,Xbox
641,Nintendo
648,Xbox
649,Nintendo
650,PlayStation
651,PlayStation
654,PlayStation
658,Xbox
660,Xbox
663,Nintendo
666,Xbox
668,Nintendo
675,Xbox
678,Xbox
682,Nintendo
685,PlayStation
689,Nintendo
690,Xbox
691,Nintendo
692,Xbox
700,Nintendo
704,PlayStation
706,Nintendo
708,Xbox
709,Xbox
710,PlayStation
711,Xbox
712,Xbox
714,Nintendo
716,Xbox
718,Nintendo
723,Xbox
725,Xbox
729,Xbox
731,Xbox
740,Xbox
750,PlayStation
751,Nintendo
752,Nintendo
753,Xbox
757,Nintendo
759,Nintendo
760,PlayStation
763,Xbox
769,PlayStation
780,Xbox
788,PlayStation
789,Xbox
791,Xbox
794,Xbox
795,Nintendo
797,PlayStation
801,Nintendo
804,Xbox
815,PlayStation
818,PlayStation
834,Nintendo
837,Nintendo
838,PlayStation
839,Nintendo
841,Xbox
845,Xbox
847,Xbox
849,Xbox
853,Nintendo
857,PlayStation
858,Xbox
861,Nintendo
868,PlayStation
871,Nintendo
873,Xbox
874,Nintendo
875,Nintendo
885,Nintendo
888,PlayStation
890,PlayStation
891,PlayStation
892,Xbox
896,PlayStation
897,Xbox
898,Xbox
899,PlayStation
906,Nintendo
908,Nintendo
910,Xbox
911,Xbox
926,PlayStation
928,PlayStation
931,Nintendo
933,Xbox
940,PlayStation
941,Nintendo
943,Nintendo
946,Xbox
951,PlayStation
956,Xbox
957,PlayStation
964,PlayStation
966,Nintendo
969,Xbox
970,Xbox
976,Nintendo
978,Nintendo
985,PlayStation
986,PlayStation
987,Nintendo
989,PlayStation
993,Xbox
998,Xbox
999,Xbox
1010,PlayStation
1011,PlayStation
1016,Xbox
1019,Nintendo
1029,PlayStation
1032,PlayStation
1033,Nintendo
1040,PlayStation
1047,Xbox
1051,PlayStation
1059,Xbox
1060,Nintendo
1064,PlayStation
1068,Nintendo
1072,PlayStation
1077,Nintendo
1080,Nintendo
1082,Nintendo
1086,Nintendo
1090,Nintendo
1092,Nintendo
1094,Xbox
1095,Xbox
1097,Xbox
1098,Xbox
1100,Xbox
1102,Nintendo
1116,Xbox
1119,Xbox
1125,Xbox
1128,Nintendo
1132,Xbox
1133,PlayStation
1134,Nintendo
1135,Xbox
1137,Nintendo
1141,Xbox
1147,Nintendo
1148,Xbox
1151,Nintendo
1158,PlayStation
1160,PlayStation
1162,Xbox
1166,Nintendo
1167,Xbox
1169,Xbox
1170,Nintendo
1184,Xbox
1185,Nintendo
1191,Xbox
1195,Nintendo
1196,Xbox
1198,PlayStation
1199,Nintendo
1200,Xbox
1203,PlayStation
1205,Nintendo
1206,Nintendo
1207,Nintendo
1217,PlayStation
1225,Xbox
1227,PlayStation
1236,Nintendo
1238,Xbox
1244,PlayStation
1252,PlayStation
1262,Xbox
1264,Xbox
1269,Nintendo
1270,Xbox
1276,PlayStation
1278,Nintendo
1281,PlayStation
1290,Nintendo
1296,Xbox
1298,Xbox
1302,PlayStation
1308,PlayStation
1309,PlayStation
1312,Nintendo
1314,PlayStation
1315,PlayStation
1318,Xbox
1319,Xbox
1322,Xbox
1324,Nintendo
1326,Nintendo
1327,PlayStation
1329,Nintendo
1330,Nintendo
1332,Nintendo
1333,Nintendo
1336,Xbox
1343,Nintendo
1344,Nintendo
1345,PlayStation
1348,Xbox
1353,PlayStation
1356,Nintendo
1359,Xbox
1366,PlayStation
1367,Xbox
1372,Nintendo
1375,PlayStation
1376,Nintendo
1377,Xbox
1380,Nintendo
1389,Xbox
1391,Nintendo
1395,Nintendo
1396,PlayStation
1398,PlayStation
1399,Nintendo
1404,Xbox
1406,Nintendo
1417,Nintendo
1424,Xbox
1426,PlayStation
1431,Nintendo
1443,Nintendo
1444,Xbox
1447,PlayStation
1448,Xbox
1450,Xbox
1457,Nintendo
1458,Nintendo
1459,Xbox
1461,Xbox
1467,Xbox
1468,Xbox
1470,Xbox
1472,PlayStation
1475,Nintendo
1480,Xbox
1481,Xbox
1482,PlayStation
1485,Xbox
1489,PlayStation
1492,Nintendo
1498,Xbox
1499,Nintendo
1501,Xbox
1505,PlayStation
1511,Nintendo
1512,Nintendo
1516,Nintendo
1518,PlayStation
1521,Xbox
1523,Nintendo
1525,Xbox
1526,PlayStation
1531,Nintendo
1532,Nintendo
1535,Xbox
1536,Nintendo
1537,Xbox
1538,Xbox
1548,Nintendo
1550,PlayStation
1551,Xbox
1553,Nintendo
1554,PlayStation
1557,Xbox
1558,Xbox
1572,PlayStation
1573,Nintendo
1576,Nintendo
1578,Xbox
1585,Xbox
1586,Xbox
1593,Xbox
1597,Xbox
1601,PlayStation
1602,PlayStation
1604,Xbox
1606,Nintendo
1608,PlayStation
1617,Xbox
1619,Xbox
1627,PlayStation
1630,PlayStation
1634,PlayStation
1643,Xbox
1644,Xbox
1645,Xbox
1656,Nintendo
1657,PlayStation
1663,Xbox
1669,PlayStation
1670,Xbox
1675,Nintendo
1677,Xbox
1681,Xbox
1683,PlayStation
1684,Xbox
1688,Xbox
1689,Xbox
1690,Nintendo
1691,Xbox
1698,Nintendo
1699,Xbox
1701,Nintendo
1704,Nintendo
1705,Xbox
1706,Xbox
1710,Nintendo
1714,PlayStation
1715,Nintendo
1716,Nintendo
1718,Nintendo
1719,Xbox
1720,PlayStation
1722,PlayStation
1724,Xbox
1725,PlayStation
1727,PlayStation
1729,Xbox
1731,PlayStation
1733,Nintendo
1737,Nintendo
1742,Nintendo
1745,Xbox
1753,Nintendo
1754,PlayStation
1756,Xbox
1758,Xbox
1761,PlayStation
1763,Nintendo
1764,Nintendo
1766,Nintendo
1767,Xbox
1769,PlayStation
1770,Xbox
1774,Xbox
1777,Xbox
1781,Xbox
1785,Xbox
1788,PlayStation
1792,Xbox
1795,Nintendo
1798,Xbox
1801,Xbox
1805,Nintendo
1806,PlayStation
1810,Xbox
1812,Nintendo
1815,Nintendo
1817,Nintendo
1818,Nintendo
1820,Nintendo
1823,Nintendo
1825,Xbox
1830,Nintendo
1831,Xbox
1835,Xbox
1836,Xbox
1837,Xbox
1840,Nintendo
1848,Xbox
1854,PlayStation
1856,Xbox
1858,Nintendo
1861,PlayStation
1864,PlayStation
1869,PlayStation
1876,Nintendo
1877,Xbox
1878,Xbox
1884,Xbox
1892,Xbox
1898,Xbox
1901,PlayStation
1902,Xbox
1910,PlayStation
1911,Nintendo
1927,Nintendo
1928,PlayStation
1929,Xbox
1930,Xbox
1936,Xbox
1938,Nintendo
1940,PlayStation
1941,Nintendo
1944,Nintendo
1947,PlayStation
1948,Nintendo
1950,Nintendo
1951,Xbox
1957,Xbox
1959,Xbox
1961,Xbox
1965,PlayStation
1967,PlayStation
1969,PlayStation
1971,Xbox
1976,PlayStation
1977,Xbox
1984,Xbox
1989,Nintendo
1990,Nintendo
1995,Xbox
1997,PlayStation
2004,Nintendo
2017,Xbox
2026,Xbox
2027,Nintendo
2029,Nintendo
2034,Xbox
2036,Nintendo
2048,Nintendo
2049,PlayStation
2050,Nintendo
2051,Nintendo
2053,Nintendo
2059,Nintendo
2061,Xbox
2063,Xbox
2064,PlayStation
2068,Xbox
2079,Xbox
2082,Xbox
2086,Nintendo
2088,Xbox
2089,Nintendo
2090,Nintendo
2091,PlayStation
2092,PlayStation
2093,PlayStation
2101,Xbox
2105,Nintendo
2108,Nintendo
2109,Xbox
2110,PlayStation
2117,Nintendo
2119,Nintendo
2120,Nintendo
2121,Nintendo
2124,Nintendo
2129,Nintendo
2134,Xbox
2135,Nintendo
2136,Xbox
2138,Xbox
2139,Xbox
2141,Xbox
2143,PlayStation
2144,Xbox
2145,Nintendo
2148,Nintendo
2150,PlayStation
2152,Nintendo
2167,PlayStation
2169,Xbox
2174,Nintendo
2179,PlayStation
2181,Nintendo
2183,Nintendo
2187,Xbox
2188,Xbox
2189,Nintendo
2193,Xbox
2198,Xbox
2200,PlayStation
2203,Xbox
2204,Nintendo
2211,PlayStation
2213,PlayStation
2214,Nintendo
2215,Xbox
2219,Nintendo
2230,PlayStation
2231,PlayStation
2234,PlayStation
2237,Xbox
2238,Xbox
2247,PlayStation
2250,Nintendo
2251,PlayStation
2253,PlayStation
2258,Nintendo
2260,Nintendo
2263,Xbox
2265,Xbox
2272,Xbox
2281,Nintendo
2289,Xbox
2292,PlayStation
2296,Xbox
2300,PlayStation
2308,Nintendo
2309,Xbox
2313,Nintendo
2317,PlayStation
2320,Nintendo
2322,Nintendo
2324,PlayStation
2326,Xbox
2328,Nintendo
2329,Nintendo
2330,Nintendo
2336,Xbox
2338,PlayStation
2339,Nintendo
2341,Xbox
2343,Nintendo
2350,Nintendo
2351,Xbox
2354,Xbox
2355,Xbox
2364,Nintendo
2365,PlayStation
2367,Xbox
2368,Xbox
2372,Xbox
2380,PlayStation
2381,Xbox
2382,PlayStation
2383,Nintendo
2384,Nintendo
2385,Xbox
2387,Xbox
2393,Xbox
2402,Xbox
2407,Nintendo
2409,Nintendo
2416,Xbox
2422,Xbox
2426,Xbox
2433,Nintendo
2434,Xbox
2436,Xbox
2437,Nintendo
2440,Xbox
2447,Xbox
2449,Xbox
2450,Nintendo
2454,Nintendo
2463,PlayStation
2465,Xbox
2468,Xbox
2469,Nintendo
2471,PlayStation
2477,Nintendo
2479,Nintendo
2489,Nintendo
2492,Xbox
2494,Xbox
2505,Xbox
2507,PlayStation
2510,Xbox
2514,Xbox
2516,Xbox
2520,PlayStation
2521,PlayStation
2523,Xbox
2526,Xbox
2527,Xbox
2528,Nintendo
2529,Xbox
2533,Nintendo
2534,Xbox
2535,Nintendo
2538,Xbox
2539,Xbox
2540,Nintendo
2544,Xbox
2552,Xbox
2553,Xbox
2558,PlayStation
2559,Xbox
2563,Xbox
2569,Xbox
2570,Xbox
2572,Nintendo
2574,Xbox
2577,PlayStation
2581,Xbox
2582,Xbox
2583,Xbox
2586,Xbox
2587,Nintendo
2588,Nintendo
2590,PlayStation
2591,PlayStation
2593,PlayStation
2596,Nintendo
2605,Xbox
2610,PlayStation
2611,Nintendo
2613,Nintendo
2614,PlayStation
2615,Xbox
2625,Nintendo
2628,Nintendo
2630,Xbox
2632,PlayStation
2638,Xbox
2642,Xbox
2645,PlayStation
2650,Xbox
2655,Xbox
2666,Xbox
2675,Nintendo
2678,PlayStation
2682,Nintendo
2684,PlayStation
2688,Nintendo
2689,Xbox
2694,PlayStation
2695,Xbox
2697,Nintendo
2700,Xbox
2705,Nintendo
2709,PlayStation
2714,Nintendo
2717,PlayStation
2722,Xbox
2731,Xbox
2734,PlayStation
2736,Nintendo
2739,Xbox
2740,Xbox
2741,Nintendo
2745,Xbox
2748,PlayStation
2749,PlayStation
2753,PlayStation
2754,Xbox
2755,PlayStation
2761,Xbox
2763,Xbox
2766,Xbox
2773,PlayStation
2776,PlayStation
2781,Nintendo
2782,Nintendo
2785,PlayStation
2786,Xbox
2787,Xbox
2788,PlayStation
2792,Nintendo
2794,Xbox
2800,Nintendo
2803,Nintendo
2804,PlayStation
2805,Nintendo
2807,Nintendo
2808,Xbox
2814,Nintendo
2819,Nintendo
2820,Xbox
2821,PlayStation
2822,Xbox
2826,Nintendo
2831,Nintendo
2836,Nintendo
2838,Xbox
2840,Nintendo
2841,PlayStation
2845,PlayStation
2847,PlayStation
2848,Nintendo
2852,Xbox
2854,Xbox
2856,PlayStation
2865,Nintendo
2868,Xbox
2872,Nintendo
2879,PlayStation
2881,Nintendo
2886,Xbox
2889,Xbox
2890,Xbox
2893,Xbox
2899,Nintendo
2900,PlayStation
2902,Nintendo
2907,PlayStation
2911,PlayStation
2915,Xbox
2917,PlayStation
2918,PlayStation
2923,Xbox
2926,Nintendo
2930,Xbox
2931,Xbox
2932,Xbox
2933,Xbox
2935,Nintendo
2937,Xbox
2939,PlayStation
2946,Nintendo
2948,Xbox
2950,Xbox
2953,PlayStation
2958,Nintendo
2961,Xbox
2964,Xbox
2967,Nintendo
2969,Nintendo
2971,Nintendo
2972,Nintendo
2974,Xbox
2976,Nintendo
2977,Xbox
2981,PlayStation
2982,Nintendo
2987,PlayStation
2990,PlayStation
2993,Nintendo
2995,Nintendo
2996,PlayStation
2997,PlayStation
3003,Xbox
3007,Nintendo
3009,Nintendo
3014,Xbox
3015,Xbox
3017,Nintendo
3018,PlayStation
3021,Nintendo
3025,Xbox
3026,Nintendo
3027,Xbox
3033,Xbox
3035,PlayStation
3036,Nintendo
3040,Xbox
3041,PlayStation
3043,Nintendo
3049,Nintendo
3050,PlayStation
3051,Xbox
3054,PlayStation
3055,PlayStation
3057,Nintendo
3061,Xbox
3068,Xbox
3069,PlayStation
3074,Nintendo
3075,Xbox
3076,Xbox
3085,Xbox
3096,Xbox
3097,Nintendo
3105,Xbox
3106,Nintendo
3107,Xbox
3109,Xbox
3112,PlayStation
3117,Xbox
3133,Nintendo
3134,Nintendo
3138,Nintendo
3139,Nintendo
3141,Xbox
3142,PlayStation
3143,Xbox
3144,Xbox
3145,Xbox
3148,Xbox
3151,Xbox
3153,Nintendo
3154,Nintendo
3156,Xbox
3158,PlayStation
3162,PlayStation
3168,PlayStation
3172,Xbox
3173,Xbox
3176,Nintendo
3180,Xbox
3191,PlayStation
3201,PlayStation
3202,PlayStation
3204,Xbox
3205,PlayStation
3206,Xbox
3208,PlayStation
3209,Xbox
3215,PlayStation
3217,PlayStation
3219,PlayStation
3220,Xbox
3222,PlayStation
3224,Nintendo
3227,Xbox
3228,Xbox
3234,PlayStation
3235,PlayStation
3243,PlayStation
3245,Nintendo
3247,Xbox
3257,PlayStation
3261,Xbox
3264,Nintendo
3265,Xbox
3269,PlayStation
3270,PlayStation
3273,PlayStation
3278,Xbox
3286,Nintendo
3290,Xbox
3297,Nintendo
3298,PlayStation
3301,Xbox
3303,Xbox
3305,Xbox
3306,Nintendo
3310,PlayStation
3311,Nintendo
3314,Xbox
3319,Nintendo
3321,Xbox
3325,Nintendo
3326,Nintendo
3330,PlayStation
3333,Nintendo
3342,Nintendo
3347,Nintendo
3349,Xbox
3350,Nintendo
3351,Nintendo
3359,Xbox
3361,Nintendo
3362,Xbox
3364,Xbox
3366,PlayStation
3367,Xbox
3368,PlayStation
3380,Nintendo
3383,PlayStation
3388,Nintendo
3394,Nintendo
3395,Xbox
3401,Nintendo
3408,PlayStation
3411,Xbox
3413,Xbox
3416,Xbox
3422,Xbox
3426,Xbox
3428,PlayStation
3433,Xbox
3441,PlayStation
3444,Nintendo
3449,Nintendo
3453,Nintendo
3456,PlayStation
3459,Nintendo
3464,Xbox
3466,Nintendo
3473,Nintendo
3478,Nintendo
3482,PlayStation
3484,Xbox
3486,Xbox
3488,Xbox
3489,Nintendo
3494,Xbox
3495,Xbox
3498,Nintendo
3499,Nintendo
3501,Nintendo
3503,PlayStation
3505,Xbox
3506,Xbox
3508,Nintendo
3511,Nintendo
3516,Xbox
3517,Xbox
3518,Nintendo
3519,Xbox
3529,Xbox
3531,Xbox
3533,Xbox
3540,Xbox
3545,Xbox
3546,PlayStation
3549,Nintendo
3557,PlayStation
3561,Xbox
3566,Xbox
3571,Xbox
3575,Xbox
3582,Xbox
3589,PlayStation
3591,Xbox
3600,PlayStation
3602,Xbox
3609,Xbox
3613,Xbox
3619,Nintendo
3624,Xbox
3630,Nintendo
3631,Xbox
3632,Xbox
3633,Nintendo
3635,PlayStation
3640,Nintendo
3642,Nintendo
3657,Xbox
3660,Xbox
3663,Xbox
3666,PlayStation
3668,Xbox
3669,Xbox
3673,Nintendo
3674,Nintendo
3676,PlayStation
3678,Nintendo
3680,Xbox
3682,PlayStation
3684,Xbox
3691,PlayStation
3699,Xbox
3702,Nintendo
3717,Nintendo
3718,Nintendo
3721,Xbox
3722,Nintendo
3729,PlayStation
3733,Xbox
3735,Xbox
3736,Xbox
3738,Nintendo
3744,Nintendo
3747,Nintendo
3750,Xbox
3754,Xbox
3758,PlayStation
3760,Nintendo
3762,Xbox
3764,Nintendo
3765,Xbox
3768,Xbox
3773,PlayStation
3774,Xbox
3776,PlayStation
3777,Nintendo
3792,PlayStation
3798,Nintendo
3802,Xbox
3809,Nintendo
3810,Xbox
3812,Xbox
3814,Nintendo
3817,Nintendo
3818,Xbox
3821,Nintendo
3823,Xbox
3824,Nintendo
3826,PlayStation
3827,Nintendo
3830,Nintendo
3840,Nintendo
3843,Nintendo
3844,Xbox
3849,Nintendo
3850,PlayStation
3852,Nintendo
3857,Nintendo
3860,Nintendo
3862,PlayStation
3863,Nintendo
3864,Nintendo
3865,Xbox
3866,Nintendo
3869,Xbox
3870,Xbox
3872,PlayStation
3873,Xbox
3874,PlayStation
3875,Xbox
3876,PlayStation
3878,Xbox
3884,Nintendo
3888,Xbox
3889,Xbox
3891,Xbox
3894,Nintendo
3897,Xbox
3898,PlayStation
3905,Nintendo
3907,Nintendo
3908,PlayStation
3911,Xbox
3914,Xbox
3921,PlayStation
3922,Nintendo
3925,Xbox
3926,Xbox
3927,Nintendo
3931,Nintendo
3932,Nintendo
3935,Nintendo
3940,PlayStation
3949,Nintendo
3954,PlayStation
3968,Xbox
3978,PlayStation
3982,Xbox
3985,Xbox
3986,PlayStation
3987,PlayStation
3992,Xbox
3998,PlayStation
4001,PlayStation
4006,Nintendo
4007,Xbox
4008,Xbox
4031,Nintendo
4032,Nintendo
4035,Nintendo
4041,Nintendo
4046,Xbox
4050,Xbox
4053,Xbox
4055,PlayStation
4059,Xbox
4061,Xbox
4074,Xbox
4077,Xbox
4081,Xbox
4091,Nintendo
4094,Nintendo
4096,Xbox
4106,Xbox
4107,PlayStation
4111,Nintendo
4112,Xbox
4116,PlayStation
4128,Nintendo
4130,Nintendo
4135,Xbox
4141,PlayStation
4142,Nintendo
4148,PlayStation
4150,Nintendo
4152,Nintendo
4153,PlayStation
4156,Xbox
4161,Nintendo
4164,Xbox
4165,Nintendo
4172,Nintendo
4173,PlayStation
4177,Nintendo
4178,Xbox
4179,Xbox
4185,Nintendo
4188,Nintendo
4191,Xbox
4194,Xbox
4196,Nintendo
4197,PlayStation
4202,Nintendo
4203,Nintendo
4205,Nintendo
4217,Nintendo
4219,Nintendo
4225,PlayStation
4226,Xbox
4228,Xbox
4233,Xbox
4241,Nintendo
4242,Nintendo
4243,Nintendo
4250,Xbox
4253,Xbox
4258,Xbox
4262,Xbox
4268,Nintendo
4270,Nintendo
4271,Xbox
4280,Xbox
4287,Xbox
4288,PlayStation
4290,Xbox
4291,Nintendo
4298,Nintendo
4299,Xbox
4308,Xbox
4313,Nintendo
4314,Xbox
4315,PlayStation
4316,Xbox
4319,PlayStation
4320,Nintendo
4321,PlayStation
4322,Xbox
4331,Nintendo
4340,Xbox
4342,Nintendo
4345,Nintendo
4350,PlayStation
4355,Xbox
4369,Xbox
4375,Nintendo
4381,Xbox
4382,Xbox
4385,PlayStation
4388,Nintendo
4390,Nintendo
4397,Nintendo
4400,Xbox
4402,Nintendo
4408,Xbox
4409,Xbox
4410,Nintendo
4412,Nintendo
4414,PlayStation
4422,Xbox
4423,Xbox
4424,PlayStation
4429,Nintendo
4437,Nintendo
4439,Nintendo
4441,Nintendo
4443,Xbox
4453,Xbox
4459,Nintendo
4461,Nintendo
4462,Xbox
4463,Nintendo
4466,Nintendo
4468,PlayStation
4469,Nintendo
4470,PlayStation
4471,PlayStation
4474,Xbox
4478,Xbox
4485,Xbox
4489,Xbox
4496,PlayStation
4499,Nintendo
4504,Nintendo
4512,Xbox
4514,PlayStation
4515,Nintendo
4516,Xbox
4520,Xbox
4521,PlayStation
4522,Nintendo
4525,Nintendo
4526,Xbox
4529,Xbox
4530,Nintendo
4536,PlayStation
4537,PlayStation
4541,Xbox
4542,Nintendo
4547,Nintendo
4553,Xbox
4554,PlayStation
4557,Xbox
4563,Nintendo
4567,PlayStation
4568,Xbox
4570,Xbox
4576,Xbox
4577,Xbox
4578,Xbox
4580,Xbox
4582,Xbox
4592,Nintendo
4593,PlayStation
4597,Nintendo
4598,Nintendo
4599,PlayStation
4600,Nintendo
4601,Xbox
4604,Nintendo
4606,PlayStation
4607,PlayStation
4610,Nintendo
4611,Xbox
4614,Nintendo
4621,PlayStation
4623,Xbox
4624,Xbox
4626,Xbox
4627,Nintendo
4629,Nintendo
4630,Xbox
4634,Xbox
4636,Xbox
4642,Nintendo
4643,Nintendo
4648,Xbox
4653,Nintendo
4664,Nintendo
4666,Nintendo
4667,Nintendo
4672,PlayStation
4673,Nintendo
4674,Xbox
4675,Xbox
4689,Xbox
4701,PlayStation
4711,Nintendo
4713,Xbox
4715,Xbox
4719,Xbox
4720,Xbox
4722,Nintendo
4723,Nintendo
4726,Nintendo
4731,PlayStation
4734,Xbox
4738,PlayStation
4741,Nintendo
4742,Xbox
4745,Nintendo
4746,Nintendo
4747,Nintendo
4748,Xbox
4749,Nintendo
4750,PlayStation
4754,Xbox
4755,Xbox
4758,Nintendo
4764,Nintendo
4766,PlayStation
4768,Xbox
4785,PlayStation
4789,Nintendo
4791,Xbox
4794,Xbox
4796,Xbox
4800,Nintendo
4801,Nintendo
4804,PlayStation
4805,Nintendo
4809,Nintendo
4813,Nintendo
4821,Xbox
4824,PlayStation
4825,Nintendo
4826,Xbox
4831,Xbox
4833,Xbox
4835,Xbox
4838,Nintendo
4839,PlayStation
4841,PlayStation
4843,Nintendo
4848,Xbox
4849,Xbox
4851,PlayStation
4855,Nintendo
4857,PlayStation
4858,Xbox
4872,Nintendo
4873,PlayStation
4875,Xbox
4876,Xbox
4881,Nintendo
4887,Xbox
4890,Nintendo
4895,Nintendo
4898,Nintendo
4899,PlayStation
4901,Nintendo
4905,Xbox
4908,Nintendo
4918,Xbox
4925,Nintendo
4929,Xbox
4934,Nintendo
4935,Nintendo
4940,Xbox
4948,Xbox
4954,Xbox
4955,Xbox
4958,Nintendo
4959,PlayStation
4960,Xbox
4961,Xbox
4969,Nintendo
4971,Xbox
4972,PlayStation
4975,Xbox
4979,PlayStation
4986,Nintendo
4993,PlayStation
4997,Nintendo
4998,Xbox
4999,Xbox
5004,Nintendo
5010,Nintendo
5011,Xbox
5016,Nintendo
5019,Nintendo
5020,Nintendo
5021,PlayStation
5030,Nintendo
5032,Xbox
5034,Xbox
5035,Nintendo
5036,PlayStation
5042,PlayStation
5045,Xbox
5056,Xbox
5060,Xbox
5061,Xbox
5066,Xbox
5069,Nintendo
5074,Xbox
5076,Xbox
5078,Xbox
5080,Nintendo
5083,Xbox
5084,Nintendo
5091,Xbox
5092,Xbox
5095,Xbox
5097,Nintendo
5098,Xbox
5099,Xbox
5103,Xbox
5105,Nintendo
5109,Xbox
5116,Xbox
5118,PlayStation
5123,Xbox
5126,Nintendo
5127,Nintendo
5134,Xbox
5137,PlayStation
5142,PlayStation
5148,Xbox
5152,PlayStation
5156,Nintendo
5157,Xbox
5158,PlayStation
5160,PlayStation
5165,Xbox
5169,Nintendo
5172,Xbox
5175,Nintendo
5179,Xbox
5184,Xbox
5189,Xbox
5190,Xbox
5191,Xbox
5193,PlayStation
5196,Xbox
5197,Nintendo
5201,Xbox
5207,Xbox
5208,PlayStation
5220,PlayStation
5221,Nintendo
5227,Xbox
5230,Nintendo
5231,Nintendo
5239,Xbox
5242,Nintendo
5246,PlayStation
5247,Nintendo
5256,Nintendo
5261,Xbox
5267,Xbox
5270,Xbox
5271,Xbox
5272,PlayStation
5274,Nintendo
5281,Nintendo
5282,PlayStation
5283,Nintendo
5287,Xbox
5288,Xbox
5291,Xbox
5293,Nintendo
5295,Nintendo
5298,Xbox
5303,Xbox
5304,Xbox
5305,Xbox
5306,Nintendo
5308,PlayStation
5311,Nintendo
5317,PlayStation
5319,Nintendo
5321,Xbox
5324,Xbox
5325,Xbox
5334,Nintendo
5338,Xbox
5341,Xbox
5342,Nintendo
5346,PlayStation
5349,Nintendo
5352,Nintendo
5356,Xbox
5357,PlayStation
5358,Nintendo
5363,Xbox
5364,Xbox
5366,Xbox
5368,Xbox
5370,Nintendo
5371,Nintendo
5374,Xbox
5375,Xbox
5381,Xbox
5385,Xbox
5393,Xbox
5394,Nintendo
5397,Nintendo
5400,Xbox
5402,Nintendo
5409,Xbox
5411,PlayStation
5415,Nintendo
5418,Xbox
5425,PlayStation
5426,Xbox
5428,Xbox
5429,Xbox
5435,Xbox
5440,Xbox
5441,Xbox
5443,Nintendo
5447,Nintendo
5448,PlayStation
5453,PlayStation
5460,PlayStation
5461,PlayStation
5463,Nintendo
5467,Nintendo
5468,PlayStation
5473,Nintendo
5476,PlayStation
5483,Nintendo
5486,Nintendo
5488,Nintendo
5490,PlayStation
5493,PlayStation
5497,Xbox
5501,Nintendo
5507,PlayStation
5510,PlayStation
5518,PlayStation
5523,Xbox
5525,Xbox
5529,Xbox
5531,Nintendo
5532,Nintendo
5541,Nintendo
5544,Xbox
5545,Nintendo
5550,PlayStation
5551,Nintendo
5552,Nintendo
5562,Nintendo
5563,Nintendo
5566,Xbox
5569,PlayStation
5572,Xbox
5575,Nintendo
5580,Nintendo
5588,Nintendo
5589,Xbox
5597,Xbox
5600,Nintendo
5601,Nintendo
5615,PlayStation
5622,Xbox
5623,Xbox
5628,Xbox
5629,Nintendo
5645,Nintendo
5654,Xbox
5659,Nintendo
5662,Xbox
5667,Xbox
5676,PlayStation
5678,PlayStation
5679,Nintendo
5685,Xbox
5687,Xbox
5689,Nintendo
5690,Xbox
5691,PlayStation
5692,Xbox
5698,Nintendo
5701,Nintendo
5702,Xbox
5705,PlayStation
5706,Nintendo
5711,Xbox
5716,PlayStation
5718,Nintendo
5722,PlayStation
5725,Xbox
5728,Xbox
5730,Xbox
5737,PlayStation
5739,Nintendo
5742,Xbox
5744,PlayStation
5745,Nintendo
5747,Xbox
5751,Nintendo
5754,Xbox
5755,Xbox
5757,Xbox
5758,Xbox
5759,Nintendo
5760,Xbox
5763,PlayStation
5764,Xbox
5765,Xbox
5766,Xbox
5768,Xbox
5769,Nintendo
5772,Xbox
5775,PlayStation
5780,PlayStation
5783,Nintendo
5798,Nintendo
5799,Xbox
5801,Nintendo
5804,Xbox
5808,Nintendo
5818,Xbox
5819,Nintendo
5821,Xbox
5822,Nintendo
5827,Nintendo
5830,Xbox
5834,Xbox
5837,Nintendo
5842,Xbox
5845,Xbox
5846,PlayStation
5847,Xbox
5854,Xbox
5855,Xbox
5856,Xbox
5860,Xbox
5865,Xbox
5867,Xbox
5869,Nintendo
5870,PlayStation
5872,Xbox
5873,Xbox
5875,PlayStation
5877,PlayStation
5878,Xbox
5879,Nintendo
5880,Nintendo
5882,Xbox
5886,Xbox
5898,PlayStation
5900,PlayStation
5911,Nintendo
5918,Xbox
5924,Xbox
5926,Nintendo
5928,Xbox
5929,Xbox
5932,Nintendo
5936,Nintendo
5942,Nintendo
5946,Nintendo
5949,Nintendo
5957,Xbox
5960,Nintendo
5961,Xbox
5965,Nintendo
5966,Xbox
5969,Nintendo
5972,PlayStation
5973,Xbox
5975,Nintendo
5979,Xbox
5985,Xbox
5992,PlayStation
5993,PlayStation
5997,Nintendo
6001,Nintendo
6003,Nintendo
6004,Xbox
6006,Nintendo
6007,Xbox
6008,Nintendo
6009,Nintendo
6016,PlayStation
6022,Nintendo
6024,Xbox
6025,Nintendo
6027,PlayStation
6028,PlayStation
6033,Xbox
6035,Nintendo
6043,Xbox
6048,PlayStation
6052,Xbox
6056,Xbox
6058,Xbox
6061,PlayStation
6062,Nintendo
6064,PlayStation
6067,Xbox
6076,Xbox
6086,PlayStation
6094,Xbox
6095,PlayStation
6096,PlayStation
6097,PlayStation
6106,Xbox
6109,Nintendo
6110,Xbox
6112,Nintendo
6119,PlayStation
6124,Xbox
6125,Xbox
6130,Nintendo
6135,PlayStation
6143,Xbox
6146,Xbox
6148,PlayStation
6151,Nintendo
6152,Xbox
6154,PlayStation
6156,Xbox
6160,Nintendo
6182,Xbox
6183,Nintendo
6188,PlayStation
6191,Nintendo
6194,PlayStation
6205,Nintendo
6207,Xbox
6209,Xbox
6210,Nintendo
6211,Xbox
6213,Xbox
6217,Xbox
6222,Xbox
6223,Xbox
6225,Xbox
6226,Xbox
6228,PlayStation
6230,PlayStation
6236,PlayStation
6243,Xbox
6244,Nintendo
6246,Nintendo
6251,Nintendo
6253,Nintendo
6254,PlayStation
6257,Xbox
6259,Xbox
6260,PlayStation
6266,PlayStation
6270,PlayStation
6272,Xbox
6275,Xbox
6281,PlayStation
6285,Nintendo
6286,Xbox
6287,Xbox
6288,Nintendo
6291,Xbox
6292,PlayStation
6293,PlayStation
6294,Xbox
6300,Xbox
6308,Nintendo
6312,Xbox
6316,Xbox
6320,Nintendo
6325,PlayStation
6331,Nintendo
6332,PlayStation
6335,Xbox
6337,PlayStation
6341,Xbox
6345,Xbox
6352,Xbox
6359,Xbox
6362,Nintendo
6366,Nintendo
6367,Xbox
6369,Xbox
6370,PlayStation
6371,Xbox
6374,PlayStation
6380,Xbox
6383,Nintendo
6389,Xbox
6401,Nintendo
6410,Xbox
6411,PlayStation
6413,PlayStation
6417,PlayStation
6418,Xbox
6423,Xbox
6424,Xbox
6425,PlayStation
6426,Nintendo
6434,Xbox
6438,Nintendo
6440,Nintendo
6444,PlayStation
6446,Nintendo
6449,Xbox
6458,Xbox
6459,Nintendo
6470,Xbox
6471,Nintendo
6472,Nintendo
6474,Xbox
6475,Nintendo
6478,Xbox
6484,Xbox
6488,Nintendo
6489,Xbox
6491,Xbox
6497,Xbox
6500,Nintendo
6504,Nintendo
6506,PlayStation
6507,PlayStation
6513,PlayStation
6514,PlayStation
6515,Xbox
6518,Xbox
6519,Nintendo
6521,Nintendo
6529,Nintendo
6533,Nintendo
6541,Xbox
6544,Nintendo
6545,Xbox
6550,Xbox
6556,Xbox
6558,PlayStation
6560,Nintendo
6561,PlayStation
6563,Xbox
6564,Xbox
6565,Xbox
6568,Xbox
6570,Xbox
6572,Nintendo
6578,Nintendo
6579,PlayStation
6583,Xbox
6585,Xbox
6587,Xbox
6592,PlayStation
6595,PlayStation
6597,PlayStation
6603,Xbox
6604,Nintendo
6607,Xbox
6608,Nintendo
6616,PlayStation
6618,PlayStation
6620,PlayStation
6622,Nintendo
6626,Xbox
6627,Nintendo
6633,Xbox
6635,Xbox
6636,PlayStation
6637,PlayStation
6642,Xbox
6644,Nintendo
6648,Nintendo
6650,Nintendo
6652,Xbox
6657,Nintendo
6658,Xbox
6664,Nintendo
6665,Nintendo
6667,Xbox
6669,Xbox
6671,Nintendo
6676,Xbox
6677,Xbox
6680,Nintendo
6682,Xbox
6685,Nintendo
6686,PlayStation
6687,Nintendo
6688,Xbox
6691,PlayStation
6692,Nintendo
6697,Nintendo
6698,Xbox
6702,PlayStation
6703,Xbox
6705,Nintendo
6710,PlayStation
6718,Xbox
6722,Xbox
6725,PlayStation
6732,Nintendo
6738,Nintendo
6739,Nintendo
6741,Nintendo
6746,PlayStation
6747,Nintendo
6749,Xbox
6753,PlayStation
6754,Xbox
6758,Xbox
6759,Nintendo
6760,Nintendo
6763,Nintendo
6765,Nintendo
6774,Nintendo
6775,Nintendo
6777,Xbox
6785,Nintendo
6786,Xbox
6787,Nintendo
6788,Xbox
6789,Xbox
6791,PlayStation
6796,PlayStation
6805,PlayStation
6807,Nintendo
6808,Nintendo
6809,Nintendo
6819,Xbox
6821,Nintendo
6826,Nintendo
6831,PlayStation
6834,Xbox
6839,PlayStation
6842,Nintendo
6843,Nintendo
6846,Nintendo
6847,Xbox
6856,Xbox
6857,PlayStation
6858,Nintendo
6861,Xbox
6867,Xbox
6875,PlayStation
6877,Xbox
6879,Xbox
6881,Xbox
6884,Nintendo
6885,Nintendo
6886,Nintendo
6887,Xbox
6890,PlayStation
6893,PlayStation
6897,Xbox
6900,Nintendo
6901,Nintendo
6906,PlayStation
6908,Nintendo
6909,Xbox
6913,Nintendo
6916,Nintendo
6922,PlayStation
6923,PlayStation
6925,Nintendo
6926,Nintendo
6929,Xbox
6932,Nintendo
6935,Xbox
6939,Nintendo
6943,PlayStation
6945,Nintendo
6950,Nintendo
6962,Xbox
6968,Xbox
6971,Nintendo
6973,Nintendo
6974,PlayStation
6977,PlayStation
6982,PlayStation
6987,Nintendo
6990,PlayStation
6994,Xbox
6995,Nintendo
7000,Nintendo
7001,PlayStation
7005,Nintendo
7009,Xbox
7011,Nintendo
7012,Nintendo
7014,Nintendo
7015,PlayStation
7018,Xbox
7022,Nintendo
7023,Xbox
7025,Nintendo
7026,Nintendo
7030,Nintendo
7031,Nintendo
7033,Nintendo
7037,Xbox
7040,Xbox
7042,PlayStation
7044,Nintendo
7045,PlayStation
7046,PlayStation
7050,Nintendo
7052,Xbox
7054,PlayStation
7057,Nintendo
7059,Nintendo
7064,Xbox
7066,Nintendo
7067,Xbox
7070,PlayStation
7074,Xbox
7085,Xbox
7089,Nintendo
7090,Xbox
7091,Xbox
7092,Nintendo
7097,PlayStation
7098,Xbox
7100,PlayStation
7101,Nintendo
7102,Nintendo
7103,Nintendo
7108,PlayStation
7110,PlayStation
7112,Nintendo
7116,Xbox
7120,Nintendo
7128,Xbox
7131,Xbox
7132,Xbox
7137,Xbox
7140,PlayStation
7143,PlayStation
7146,Xbox
7154,Xbox
7157,Nintendo
7162,Nintendo
7175,PlayStation
7176,Nintendo
7180,Xbox
7182,Xbox
7189,Xbox
7194,PlayStation
7199,Xbox
7205,Xbox
7206,Xbox
7208,Xbox
7209,PlayStation
7217,Nintendo
7218,Nintendo
7220,Xbox
7226,PlayStation
7227,Nintendo
7233,Xbox
7240,Nintendo
7244,Xbox
7245,Nintendo
7248,PlayStation
7250,PlayStation
7253,Xbox
7254,PlayStation
7255,PlayStation
7256,Nintendo
7261,Nintendo
7264,Nintendo
7270,Nintendo
7275,Xbox
7276,Nintendo
7279,Nintendo
7284,Nintendo
7286,PlayStation
7293,Nintendo
7295,Nintendo
7297,Xbox
7305,Xbox
7307,PlayStation
7310,PlayStation
7311,PlayStation
7312,Nintendo
7315,Xbox
7318,Xbox
7320,Xbox
7321,Nintendo
7322,Nintendo
7329,Nintendo
7332,Xbox
7333,PlayStation
7335,Nintendo
7342,Nintendo
7345,Nintendo
7349,Nintendo
7350,Nintendo
7352,Xbox
7354,Xbox
7357,Xbox
7358,PlayStation
7362,PlayStation
7363,Xbox
7366,Nintendo
7370,Nintendo
7372,Nintendo
7375,Nintendo
7378,Xbox
7379,Xbox
7385,Xbox
7387,PlayStation
7390,Nintendo
7391,Xbox
7392,PlayStation
7394,Nintendo
7397,Nintendo
7400,PlayStation
7403,Xbox
7405,PlayStation
7407,Nintendo
7411,Nintendo
7412,Xbox
